idu_ArticuloCodigo|flag_Estatus|des_Area|des_Categoria|des_Subcategoria|num_Cantidad|sec_Orden|sec_OrdenCommerce|fec_FechaOrden|idu_BodegaCodigo|flag_Promocion|imp_PrecioContadoUnitario|imp_DescuentoPromocion
507202|1|Muebles|Bebés|Bebés|1|1195043|4484389|2018-01-01T11:33:46.253000|30011|false|1809.48|0.0
526223|1|Muebles|Bebés|Bebés|1|1195097|4484817|2018-01-01T13:53:03.890000|30014|true|2262.9300000000003|753.45
526541|1|Muebles|Bebés|Bebés|1|1195267|4486351|2018-01-01T18:26:02.803000|30020|false|2930.17|0.0
526541|1|Muebles|Bebés|Bebés|1|1195263|4486338|2018-01-01T18:23:11.757000|30006|false|2930.17|0.0
347949|1|Muebles|Muebles de Hogar y Recamara|Camas|1|1195075|4484742|2018-01-01T13:15:39.440000|30013|false|1723.28|0.0
446726|1|Muebles|Muebles de Hogar y Recamara|Salas|1|1193665|4471730|2017-12-29T20:41:16.747000|30006|false|4740.52|0.0
486043|1|Muebles|Muebles de Hogar y Recamara|Salas|1|1193468|4467660|2017-12-29T16:19:02.353000|30017|false|7326.72|0.0
486043|1|Muebles|Muebles de Hogar y Recamara|Salas|1|1195151|4485364|2018-01-01T15:26:53.177000||false|7326.72|0.0
343137|1|Muebles|Terraza y Jardín|Muebles de Jardín|1|1195346|4487075|2018-01-01T20:43:35.570000|30011|false|1378.45|0.0
456641|1|Muebles|Decoración|Decoración|1|1195378|4487291|2018-01-01T21:22:00.957000|30002|false|128.45|0.0
469157|1|Muebles|Decoración|Decoración|1|1195378|4487291|2018-01-01T21:22:00.957000|30002|false|128.45|0.0
469173|1|Muebles|Decoración|Decoración|4|1195384|4487353|2018-01-01T21:36:34.860000|30004|false|128.45|0.0
483575|1|Muebles|Decoración|Decoración|1|1195378|4487291|2018-01-01T21:22:00.957000|30002|false|128.45|0.0
310085|1|Muebles|Colchones y Blancos|Colchones|1|1195243|4484636|2018-01-01T17:54:21.203000|30016|true|2757.76|517.24
311804|1|Muebles|Colchones y Blancos|Colchones|1|1194962|4483487|2017-12-31T23:16:10.203000||true|3361.21|517.24
339751|1|Muebles|Colchones y Blancos|Colchones|1|1194968|4483573|2017-12-31T23:51:34.143000|30014|true|1809.48|258.62
343919|1|Muebles|Colchones y Blancos|Colchones|1|1195129|4485197|2018-01-01T14:51:47.940000|30011|true|2499.1400000000003|431.03
345636|1|Muebles|Colchones y Blancos|Colchones|2|1193736|4472442|2017-12-29T22:01:27.627000|30014|false|1119.83|0.0
346861|1|Muebles|Colchones y Blancos|Colchones|1|1194987|4483824|2018-01-01T03:05:12.813000|30003|true|3878.45|258.62
308331|1|Muebles|Muebles de Hogar y Recamara|Muebles para Recamara|1|1195003|4483649|2018-01-01T09:17:24.900000|30011|true|1895.69|344.83
311642|1|Muebles|Muebles de Hogar y Recamara|Muebles para Recamara|1|1195251|4486259|2018-01-01T18:08:00.523000|30004|true|2240.51|344.83
313033|1|Muebles|Muebles de Hogar y Recamara|Muebles para Recamara|1|1195393|4487476|2018-01-01T21:42:15.097000||true|2068.1099999999997|431.03
314111|1|Muebles|Muebles de Hogar y Recamara|Muebles para Recamara|1|1194965|4483522|2017-12-31T23:26:18.037000|30016|true|1723.2800000000002|258.62
617245|1|Muebles|Línea Blanca|Cocción|1|1195156|4485419|2018-01-01T15:38:01.377000|30007|true|5171.55|603.45
617407|1|Muebles|Línea Blanca|Cocción|1|1193685|4472085|2017-12-29T21:02:25.147000|30006|true|3016.38|1982.76
617407|1|Muebles|Línea Blanca|Cocción|1|1193457|4469832|2017-12-29T16:10:58.610000|30010|true|3016.38|1982.76
562637|1|Muebles|Automotriz|Automotriz|1|1195092|4484476|2018-01-01T13:44:28.973000|30030|true|861.20999999999992|172.41
562637|1|Muebles|Automotriz|Automotriz|2|1195208|4485862|2018-01-01T16:59:21.043000|30011|true|861.20999999999992|344.82
227701|1|Muebles|Audio y Video|Audio|1|1194988|4483835|2018-01-01T03:16:17.397000|30011|true|947.42|172.41
228439|1|Muebles|Audio y Video|Audio|1|1195049|4484420|2018-01-01T11:47:05.783000|30002|true|2412.9300000000003|5086.21
228439|1|Muebles|Audio y Video|Audio|1|1195167|4485535|2018-01-01T15:47:35.733000|30010|true|2412.9300000000003|5086.21
268937|1|Muebles|Audio y Video|Audio|1|1195399|4487573|2018-01-01T21:55:34.573000|30022|true|1033.62|86.21
481327|1|Muebles|Decoración|Decoración|1|1195351|4486931|2018-01-01T20:50:30.530000|30001|true|464.64999999999986|568.97
342483|1|Muebles|Muebles de Hogar y Recamara|Muebles para Recamara|1|1195085|4484701|2018-01-01T13:32:30.100000|30015|true|3102.59|517.24
342505|1|Muebles|Muebles de Hogar y Recamara|Muebles para Recamara|1|1195287|4486511|2018-01-01T18:56:58.283000|30014|true|3964.6500000000005|689.66
208667|1|Muebles|"Cómputo| Tablets y Videojuegos"|Cómputo|1|1195326|4486807|2018-01-01T20:07:39.637000|30014|true|2499.13|948.28
255861|1|Muebles|"Cómputo| Tablets y Videojuegos"|Cómputo|2|1195311|3606061|2018-01-01T19:30:20.983000|30015|true|1206.04|517.24
260164|1|Muebles|"Cómputo| Tablets y Videojuegos"|Cómputo|1|1195046|4484406|2018-01-01T11:40:11.710000|30008|false|7930.17|0.0
703972|1|Ropa|Lencería|Lencería|1|1195237|4484808|2018-01-01T17:43:43.393000||false|25.0|0.0
727705|1|Ropa|Lencería|Lencería|1|1195282|4485985|2018-01-01T18:47:18.797000||false|82.0|0.0
758699|1|Ropa|Lencería|Lencería|1|1195000|4483957|2018-01-01T08:57:05.340000||false|77.0|0.0
761905|1|Ropa|Lencería|Lencería|1|1195236|3604469|2018-01-01T17:36:27.940000||false|85.0|0.0
769300|1|Ropa|Lencería|Lencería|1|1195000|4483957|2018-01-01T08:57:05.340000||false|103.0|0.0
617351|1|Muebles|Línea Blanca|Cocción|1|1195358|4487207|2018-01-01T20:59:17.103000|30030|true|1119.83|172.41
617873|1|Muebles|Línea Blanca|Cocción|1|1195372|4486507|2018-01-01T21:13:29.130000|30006|false|3275.0|0.0
623342|1|Muebles|Línea Blanca|Cocción|1|1193740|4472331|2017-12-29T22:06:02|30020|true|2068.11|172.41
623407|1|Muebles|Línea Blanca|Cocción|1|1195205|4485624|2018-01-01T16:50:21.937000|30004|false|1637.07|0.0
513059|1|Muebles|Deportes Y Actividades Al Aire Libre|Outdoor|1|1195149|4485412|2018-01-01T15:22:18.533000|30006|true|214.66|43.1
533491|1|Muebles|Deportes Y Actividades Al Aire Libre|Outdoor|1|1195045|4484377|2018-01-01T11:36:32.923000|30010|true|145.69|25.86
144687|1|Ropa|Caballero Exterior|Caballero Exterior|1|1194953|4483361|2017-12-31T22:25:53.027000||false|344.0|0.0
162797|1|Ropa|Caballero Exterior|Caballero Exterior|1|1195113|4475924|2018-01-01T14:11:44.603000||false|387.0|0.0
163155|1|Ropa|Caballero Exterior|Caballero Exterior|1|1194953|4483361|2017-12-31T22:25:53.027000||false|482.0|0.0
508501|1|Muebles|Juguetes|Juguetes|1|1195345|4486831|2018-01-01T20:42:33.260000|30017|false|1550.86|0.0
528692|1|Muebles|Juguetes|Juguetes|1|1195401|4487437|2018-01-01T21:55:50.053000|30002|true|731.89|86.21
529281|1|Muebles|Juguetes|Juguetes|1|1195055|4407935|2018-01-01T12:05:30.243000|30006|false|1723.28|0.0
538191|1|Muebles|Juguetes|Juguetes|1|1195356|4486912|2018-01-01T20:58:02.280000|30022|true|1357.76|451.72
136761|1|Muebles|Enseres Domésticos|Electrodomésticos|1|1195144|4485339|2018-01-01T15:15:27.037000|30018|false|835.34|0.0
137871|1|Muebles|Enseres Domésticos|Electrodomésticos|1|1195350|4486641|2018-01-01T20:49:38.490000|30006|false|188.79|0.0
138444|1|Muebles|Enseres Domésticos|Electrodomésticos|1|1193715|4472289|2017-12-29T21:41:11.917000|30011|false|731.9|0.0
408107|1|Muebles|Colchones y Blancos|Blancos|1|1195378|4487291|2018-01-01T21:22:00.957000|30002|false|171.55|0.0
231113|1|Muebles|Audio y Video|Audio Personal|1|1194948|4483372|2017-12-31T22:14:59.397000|30004|true|102.58999999999999|25.86
231113|1|Muebles|Audio y Video|Audio Personal|1|1195141|4485234|2018-01-01T15:06:20.047000|30011|true|96.549999999999983|31.9
115517|1|Muebles|Enseres Domésticos|Electrodomésticos|2|1195140|4481711|2018-01-01T15:06:16.587000|30016|false|602.59|0.0
215584|1|Muebles|Audio y Video|Audio Personal|1|1195109|4484991|2018-01-01T14:05:12.137000|30011|true|697.41000000000008|465.52
345768|1|Muebles|Muebles de Hogar y Recamara|Comedor|1|1193660|4471626|2017-12-29T20:34:24.013000|30003|true|8619.83|431.03
348422|1|Muebles|Muebles de Hogar y Recamara|Comedor|1|1195157|4485375|2018-01-01T15:38:50.493000|30018|false|4912.93|0.0
153850|1|Ropa|Caballero Exterior|Caballero Exterior|1|1194995|4483943|2018-01-01T07:37:10.483000||false|215.0|0.0
310608|1|Ropa|Deportivo|Deportivo|1|1195236|3604469|2018-01-01T17:36:27.940000||false|137.0|0.0
313308|1|Ropa|Deportivo|Deportivo|1|1195236|3604469|2018-01-01T17:36:27.940000||false|258.0|0.0
313649|1|Ropa|Deportivo|Deportivo|1|1195236|3604469|2018-01-01T17:36:27.940000||false|154.0|0.0
373007|1|Ropa|Deportivo|Deportivo|1|1195236|3604469|2018-01-01T17:36:27.940000||false|85.0|0.0
247354|1|Muebles|"Cómputo| Tablets y Videojuegos"|Cómputo|1|1195165|4485505|2018-01-01T15:44:49.877000|30006|false|1637.07|0.0
342998|1|Muebles|Colchones y Blancos|Colchones|1|1195115|4485056|2018-01-01T14:18:55.400000|30020|true|9654.3100000000013|1896.55
345148|1|Muebles|Colchones y Blancos|Colchones|1|1195392|4487436|2018-01-01T21:41:58.187000|30020|true|3102.58|603.45
608531|1|Muebles|Línea Blanca|Refrigeración|1|1195194|4485774|2018-01-01T16:33:22.257000|30014|true|4223.28|258.62
617148|1|Muebles|Línea Blanca|Refrigeración|1|1195019|4484189|2018-01-01T10:39:09.167000||true|4740.5199999999995|2155.17
617148|1|Muebles|Línea Blanca|Refrigeración|1|1193481|4470171|2017-12-29T16:49:11.493000|30004|true|4740.5199999999995|2155.17
619876|1|Muebles|Línea Blanca|Refrigeración|1|1193568|4471043|2017-12-29T18:25:17.867000|30030|false|6637.07|0.0
621935|1|Muebles|Línea Blanca|Refrigeración|1|1195230|4486069|2018-01-01T17:32:51.443000|30011|true|7757.7599999999993|2586.21
623351|1|Muebles|Línea Blanca|Refrigeración|1|1193690|4471895|2017-12-29T21:06:01.673000||true|6292.24|2155.17
307815|1|Muebles|Muebles de Hogar y Recamara|Comedor|1|1195212|4485905|2018-01-01T17:05:03.047000|30011|false|947.41|0.0
806031|1|Muebles|"Joyería| Relojería y Accesorios"|Joyería|1|1195112|4485015|2018-01-01T14:09:05.557000|30002|false|145.69|0.0
850421|1|Muebles|"Joyería| Relojería y Accesorios"|Joyería|1|1195104|4484835|2018-01-01T13:59:11.647000|30016|false|214.66|0.0
118867|1|Ropa|Interior y Calceteria|Interior y Calceteria|1|1195000|4483957|2018-01-01T08:57:05.340000||false|103.0|0.0
118872|1|Ropa|Interior y Calceteria|Interior y Calceteria|1|1195286|4486260|2018-01-01T18:54:40.287000||false|111.0|0.0
126452|1|Ropa|Interior y Calceteria|Interior y Calceteria|1|1195158|4485447|2018-01-01T15:39:26.490000||false|146.0|0.0
135842|1|Ropa|Interior y Calceteria|Interior y Calceteria|1|1195204|4485784|2018-01-01T16:49:20.323000||false|137.0|0.0
136072|1|Ropa|Interior y Calceteria|Interior y Calceteria|1|1195000|4483957|2018-01-01T08:57:05.340000||false|-40.0|134.0
156532|1|Ropa|Interior y Calceteria|Interior y Calceteria|1|1195204|4485784|2018-01-01T16:49:20.323000||false|154.0|0.0
165847|1|Ropa|Interior y Calceteria|Interior y Calceteria|1|1195204|4485784|2018-01-01T16:49:20.323000||false|128.0|0.0
109071|1|Muebles|Enseres Domésticos|Electrodomésticos|1|1195042|4484390|2018-01-01T11:32:31.707000|30018|false|947.41|0.0
136361|1|Muebles|Enseres Domésticos|Electrodomésticos|1|1195140|4481711|2018-01-01T15:06:16.587000|30016|true|559.49|60.34
710725|1|Muebles|"Joyería| Relojería y Accesorios"|Relojería|1|1195256|4485794|2018-01-01T18:15:09.610000|30017|false|249.14|0.0
710725|1|Muebles|"Joyería| Relojería y Accesorios"|Relojería|1|1195020|4484028|2018-01-01T10:39:16.887000|30020|false|249.14|0.0
718181|1|Muebles|"Joyería| Relojería y Accesorios"|Relojería|1|1194964|4284097|2017-12-31T23:17:55.640000|30016|true|473.28|43.1
487643|1|Muebles|Muebles de Hogar y Recamara|Salas|1|1195331|4486956|2018-01-01T20:15:21.090000|30017|true|4050.8599999999997|258.62
489476|1|Muebles|Muebles de Hogar y Recamara|Salas|1|1194974|4483631|2018-01-01T00:39:44.923000|30017|true|4050.87|172.41
917877|1|Muebles|Óptica|Lente solar|1|1195041|4484364|2018-01-01T11:32:19.090000|30014|false|421.55|0.0
918377|1|Muebles|Óptica|Lente solar|1|1195400|4487365|2018-01-01T21:55:47.063000|30011|false|2412.93|0.0
469386|1|Muebles|Muebles de Hogar y Recamara|Salas|1|1193669|4471945|2017-12-29T20:46:09.633000|30003|true|1895.6899999999998|172.41
313950|1|Ropa|Dama Joven|Dama Joven|1|1195105|4203995|2018-01-01T13:59:45.117000||false|156.0|171.0
277219|1|Muebles|Audio y Video|Car Audio|1|1195403|4487575|2018-01-01T21:58:39.870000|30011|true|1878.4499999999998|620.69
280661|1|Muebles|Audio y Video|Car Audio|1|1195189|4485720|2018-01-01T16:26:13.307000|30018|false|861.21|0.0
116441|1|Muebles|Maletas|Artículos de Oficina|1|1195020|4484028|2018-01-01T10:39:16.887000|30020|false|33.62|0.0
206275|1|Muebles|"Cómputo| Tablets y Videojuegos"|VideoJuegos|1|1195153|4485416|2018-01-01T15:29:27.810000|30011|true|85.339999999999918|818.97
218328|1|Muebles|"Cómputo| Tablets y Videojuegos"|VideoJuegos|1|1194975|4483629|2018-01-01T00:42:33.917000||true|171.55|258.62
238885|1|Muebles|"Cómputo| Tablets y Videojuegos"|VideoJuegos|1|1195346|4487075|2018-01-01T20:43:35.570000|30011|true|343.96000000000004|215.52
264674|1|Muebles|"Cómputo| Tablets y Videojuegos"|VideoJuegos|1|1195142|4485323|2018-01-01T15:11:47.723000|30022|true|1102.5900000000001|362.07
272391|1|Muebles|"Cómputo| Tablets y Videojuegos"|VideoJuegos|1|1195209|4485634|2018-01-01T16:59:32.757000|30006|false|430.17|0.0
272391|1|Muebles|"Cómputo| Tablets y Videojuegos"|VideoJuegos|1|1195094|4484872|2018-01-01T13:45:14.023000|30014|false|430.17|0.0
278906|1|Muebles|"Cómputo| Tablets y Videojuegos"|VideoJuegos|1|1195112|4485015|2018-01-01T14:09:05.557000|30002|false|688.79|0.0
203683|1|Muebles|Audio y Video|Video|1|1195280|4486460|2018-01-01T18:46:10.737000|30004|false|257.76|0.0
225677|1|Muebles|Audio y Video|Video|1|1195365|4487240|2018-01-01T21:07:44.747000|30004|false|904.31|0.0
502936|1|Ropa|Bebés|Bebés|1|1195293|4486555|2018-01-01T19:09:30.183000||false|128.0|0.0
116191|1|Muebles|Enseres Domésticos|Electrodomésticos|1|1195173|4485515|2018-01-01T15:59:02.980000|30016|false|516.38|0.0
133051|1|Muebles|Enseres Domésticos|Electrodomésticos|1|1195173|4485515|2018-01-01T15:59:02.980000|30016|false|990.52|0.0
313035|1|Ropa|Dama Joven|Dama Joven|1|1195087|4484809|2018-01-01T13:34:31.243000||false|111.0|0.0
148762|1|Ropa|Caballero Exterior|Caballero Exterior|1|1193753|4452116|2017-12-29T22:29:43.480000||false|534.0|0.0
305442|1|Ropa|Dama Joven|Dama Joven|1|1195105|4203995|2018-01-01T13:59:45.117000||false|361.0|0.0
308483|1|Ropa|Dama Joven|Dama Joven|1|1195196|4485714|2018-01-01T16:33:39.240000||false|258.0|0.0
312915|1|Ropa|Dama Joven|Dama Joven|1|1195196|4485714|2018-01-01T16:33:39.240000||false|258.0|0.0
316744|1|Ropa|Dama Joven|Dama Joven|1|1195390|4486982|2018-01-01T21:39:49.697000||false|197.0|0.0
316760|1|Ropa|Dama Joven|Dama Joven|1|1194955|4483355|2017-12-31T22:33:16.137000||false|172.0|0.0
316830|1|Ropa|Dama Joven|Dama Joven|1|1195390|4486982|2018-01-01T21:39:49.697000||false|197.0|0.0
339797|1|Ropa|Dama Joven|Dama Joven|1|1194955|4483355|2017-12-31T22:33:16.137000||false|327.0|0.0
362037|1|Ropa|Dama Joven|Dama Joven|1|1195220|4485596|2018-01-01T17:12:21.007000||false|128.0|0.0
600474|1|Muebles|Línea Blanca|Cocción|1|1195118|4485088|2018-01-01T14:23:19.867000|30016|false|257.76|0.0
131788|1|Ropa|Caballero Exterior|Caballero Exterior|1|1193753|4452116|2017-12-29T22:29:43.480000||false|128.0|0.0
131792|1|Ropa|Caballero Exterior|Caballero Exterior|1|1193753|4452116|2017-12-29T22:29:43.480000||false|128.0|0.0
312300|1|Ropa|Dama Joven|Dama Joven|1|1194980|4483707|2018-01-01T01:22:25.600000||false|154.0|0.0
757711|1|Ropa|Cuidado Personal|Cuidado Personal|1|1193546|4470834|2017-12-29T18:03:24.160000||true|66.0|16.0
831549|1|Muebles|"Joyería| Relojería y Accesorios"|Joyería|1|1195256|4485794|2018-01-01T18:15:09.610000|30017|false|154.31|0.0
251092|1|Muebles|Audio y Video|Video|1|1194989|4483843|2018-01-01T03:20:13.980000|30014|true|6895.6900000000005|3362.07
261606|1|Muebles|Audio y Video|Video|1|1195261|4486348|2018-01-01T18:20:34.917000|30022|true|2456.9|818.1
502602|1|Ropa|Bebés|Bebés|1|1193593|4471266|2017-12-29T18:52:44.640000||false|68.0|0.0
254299|1|Ropa|Niños|Niños|1|1195011|4484126|2018-01-01T10:17:51.740000||false|137.0|0.0
254299|1|Ropa|Niños|Niños|1|1195011|4484126|2018-01-01T10:17:51.740000||false|137.0|0.0
236565|1|Muebles|Celulares|Teléfonos Celulares|1|1195253|4486147|2018-01-01T18:10:57.040000|30014|true|861.21|301.72
251236|1|Muebles|Celulares|Teléfonos Celulares|1|1195380|4487394|2018-01-01T21:29:52.290000|30022|false|1464.66|0.0
263269|1|Muebles|Celulares|Teléfonos Celulares|1|1195197|4485792|2018-01-01T16:38:25.957000|30014|true|3016.3700000000003|689.66
263269|1|Muebles|Celulares|Teléfonos Celulares|1|1195148|4485140|2018-01-01T15:21:34.770000|30011|true|3016.3700000000003|689.66
263405|1|Muebles|Celulares|Teléfonos Celulares|1|1195340|4487071|2018-01-01T20:36:13.123000|30022|false|1292.24|0.0
276085|1|Muebles|Celulares|Teléfonos Celulares|1|1194946|4483319|2017-12-31T22:01:55.143000|30002|false|1206.03|0.0
278462|1|Muebles|Celulares|Teléfonos Celulares|1|1195071|4484711|2018-01-01T13:09:59.283000|30014|false|1119.83|0.0
137324|1|Muebles|Maletas|Equipaje|1|1195128|2962741|2018-01-01T14:49:24.347000|30022|false|1119.83|0.0
773500|1|Ropa|Cuidado Personal|Cuidado Personal|1|1193546|4470834|2017-12-29T18:03:24.160000||true|62.0|15.0
135909|1|Muebles|Deportes Y Actividades Al Aire Libre|Outdoor Enseres Domésticos|1|1195036|4484275|2018-01-01T11:23:06.533000|30014|false|171.55|0.0
531285|1|Ropa|Bebés|Bebés|1|1194971|4309689|2018-01-01T00:02:19.333000||false|85.0|0.0
207573|1|Muebles|"Cómputo| Tablets y Videojuegos"|Cámaras|1|1195034|4484326|2018-01-01T11:16:53.717000|30004|true|257.76|137.93
240405|1|Muebles|"Cómputo| Tablets y Videojuegos"|Cámaras|1|1195179|4485653|2018-01-01T16:08:39.580000|30008|false|275.0|0.0
406244|1|Muebles|Decoración|Decoración|1|1195342|4487002|2018-01-01T20:40:53.490000|30002|false|214.66|0.0
406716|1|Muebles|Decoración|Decoración|1|1195342|4487002|2018-01-01T20:40:53.490000|30002|false|188.79|0.0
310735|1|Muebles|Muebles de Hogar y Recamara|Camas|1|1195064|4484654|2018-01-01T12:53:43.613000|30006|false|1550.86|0.0
310735|1|Muebles|Muebles de Hogar y Recamara|Camas|1|1195332|4486928|2018-01-01T20:16:46.097000|30008|false|1550.86|0.0
348211|1|Muebles|Muebles de Hogar y Recamara|Camas|1|1195225|4485932|2018-01-01T17:26:16.387000|30008|false|1033.62|0.0
703449|1|Ropa|Cuidado Personal|Cuidado Personal|1|1195359|4486868|2018-01-01T21:03:13.023000||false|172.0|0.0
703449|1|Ropa|Cuidado Personal|Cuidado Personal|1|1195017|4484187|2018-01-01T10:36:03.367000||false|172.0|0.0
703449|1|Ropa|Cuidado Personal|Cuidado Personal|1|1195017|4484187|2018-01-01T10:36:03.367000||false|172.0|0.0
703449|1|Ropa|Cuidado Personal|Cuidado Personal|1|1195155|4485413|2018-01-01T15:35:24.157000||false|172.0|0.0
703449|1|Ropa|Cuidado Personal|Cuidado Personal|1|1195017|4484187|2018-01-01T10:36:03.367000||false|172.0|0.0
703449|1|Ropa|Cuidado Personal|Cuidado Personal|1|1195017|4484187|2018-01-01T10:36:03.367000||false|172.0|0.0
702771|1|Ropa|Juguetes|Juguetes|1|1194973|4483634|2018-01-01T00:35:51.300000||false|94.0|0.0
704907|1|Ropa|Juguetes|Juguetes|1|1194973|4483634|2018-01-01T00:35:51.300000||false|120.0|0.0
755155|1|Ropa|Juguetes|Juguetes|1|1194973|4483634|2018-01-01T00:35:51.300000||false|111.0|0.0
310832|1|Muebles|Oficina y Papelería|Oficina|1|1195068|4484720|2018-01-01T13:05:09.430000|30014|false|1206.03|0.0
310832|1|Muebles|Oficina y Papelería|Oficina|1|1195217|4485899|2018-01-01T17:08:12.843000|30011|false|1206.03|0.0
311936|1|Muebles|Oficina y Papelería|Oficina|1|1193463|4470044|2017-12-29T16:15:22.710000|30002|false|1033.62|0.0
342122|1|Muebles|Oficina y Papelería|Oficina|1|1195231|4486031|2018-01-01T17:32:56.330000|30006|true|1464.6599999999999|258.62
342696|1|Muebles|Oficina y Papelería|Oficina|1|1195303|4486617|2018-01-01T19:19:36.603000|30015|true|1292.2399999999998|258.62
343358|1|Muebles|Oficina y Papelería|Oficina|1|1195130|4485261|2018-01-01T14:52:36.703000|30004|false|1895.69|0.0
309991|1|Muebles|Muebles de Hogar y Recamara|Bebés|1|1195292|4486514|2018-01-01T19:09:17.617000|30002|false|1637.07|0.0
311464|1|Muebles|Muebles de Hogar y Recamara|Bebés|1|1195022|4484205|2018-01-01T10:42:42.503000|30006|false|602.59|0.0
341011|1|Muebles|Muebles de Hogar y Recamara|Bebés|1|1193632|4471593|2017-12-29T20:12:50.223000|30016|false|6033.62|0.0
250915|1|Muebles|Celulares|Teléfonos Celulares|1|1195334|4486810|2018-01-01T20:24:25.933000|30008|true|1378.45|603.45
253435|1|Muebles|Celulares|Teléfonos Celulares|1|1195166|4485504|2018-01-01T15:47:07.477000|30014|true|2404.31|181.03
262955|1|Muebles|Celulares|Teléfonos Celulares|1|1195083|4484802|2018-01-01T13:27:36.743000||true|3878.45|431.03
270445|1|Muebles|Celulares|Teléfonos Celulares|1|1194960|4483448|2017-12-31T23:01:16.963000|30004|true|5602.5899999999992|793.1
271318|1|Muebles|Celulares|Teléfonos Celulares|1|1193737|4472464|2017-12-29T22:01:58.153000|30011|false|2671.55|0.0
274955|1|Muebles|Celulares|Teléfonos Celulares|1|1195067|4484727|2018-01-01T13:04:56.007000|30006|false|17585.34|0.0
280734|1|Muebles|Celulares|Teléfonos Celulares|1|1194956|4483416|2017-12-31T22:38:12.417000|30016|true|6895.6900000000005|862.07
282468|1|Muebles|Celulares|Teléfonos Celulares|1|1195160|4485458|2018-01-01T15:42:41.683000|30008|true|1809.48|86.21
217331|1|Muebles|Celulares|Accesorios|1|1195247|4486244|2018-01-01T18:00:19.997000|30006|false|369.83|0.0
238991|1|Muebles|Celulares|Accesorios|1|1195243|4484636|2018-01-01T17:54:21.203000|30016|false|654.31|0.0
615731|1|Muebles|Ventilación y Calefacción|Clima de Verano|1|1195150|4485314|2018-01-01T15:22:23.680000|30011|false|1550.86|0.0
619434|1|Muebles|Ventilación y Calefacción|Clima de Verano|1|1195310|4486612|2018-01-01T19:29:47.727000|30016|true|1033.62|689.66
622044|1|Muebles|Ventilación y Calefacción|Clima de Verano|1|1194994|4483908|2018-01-01T05:26:59.820000|30013|true|1378.4499999999998|258.62
473251|1|Muebles|Decoración|Decoración|1|1195372|4486507|2018-01-01T21:13:29.130000|30006|false|111.21|0.0
473261|1|Muebles|Decoración|Decoración|1|1195372|4486507|2018-01-01T21:13:29.130000|30006|false|68.1|0.0
526029|1|Muebles|Mejoramiento del Hogar|Herramientas|1|1195313|4486629|2018-01-01T19:34:20.163000||false|266.38|0.0
526037|1|Muebles|Mejoramiento del Hogar|Herramientas|1|1195189|4485720|2018-01-01T16:26:13.307000|30018|false|318.1|0.0
536581|1|Muebles|Mejoramiento del Hogar|Herramientas|1|1195189|4485720|2018-01-01T16:26:13.307000|30018|false|171.55|0.0
304153|1|Ropa|Lencería|Lencería|1|1195335|4479549|2018-01-01T20:24:57.300000||false|172.0|0.0
371217|1|Ropa|Lencería|Lencería|1|1195237|4484808|2018-01-01T17:43:43.393000||false|137.0|0.0
203975|1|Muebles|"Cómputo| Tablets y Videojuegos"|Cómputo|1|1195160|4485458|2018-01-01T15:42:41.683000|30008|false|171.55|0.0
102881|1|Muebles|Belleza y Cuidado Personal|Cuidado Personal|1|1194991|4483864|2018-01-01T03:58:14.597000|30017|false|188.79|0.0
133256|1|Muebles|Belleza y Cuidado Personal|Cuidado Personal|1|1195271|4486363|2018-01-01T18:30:13.340000|30006|false|559.48|0.0
138193|1|Muebles|Belleza y Cuidado Personal|Cuidado Personal|1|1193710|4463235|2017-12-29T21:39:15.980000|30011|false|300.86|0.0
138274|1|Muebles|Belleza y Cuidado Personal|Cuidado Personal|1|1195219|4485965|2018-01-01T17:09:25.517000|30008|false|1292.24|0.0
531081|1|Muebles|Automotriz|Automotriz|1|1195189|4485720|2018-01-01T16:26:13.307000|30018|false|662.93|0.0
270941|1|Muebles|"Cómputo| Tablets y Videojuegos"|VideoJuegos|1|1195107|4484956|2018-01-01T14:01:18.410000|30011|true|4050.8600000000006|603.45
272375|1|Muebles|"Cómputo| Tablets y Videojuegos"|VideoJuegos|1|1195124|4485143|2018-01-01T14:39:19.770000|30011|false|2930.17|0.0
272375|1|Muebles|"Cómputo| Tablets y Videojuegos"|VideoJuegos|1|1195145|4485326|2018-01-01T15:16:09.457000|30002|false|2930.17|0.0
275692|1|Muebles|"Cómputo| Tablets y Videojuegos"|VideoJuegos|1|1193572|4471001|2017-12-29T18:27:11.777000|30020|false|7326.72|0.0
475250|1|Ropa|Niñas|Niñas|1|1194971|4309689|2018-01-01T00:02:19.333000||false|387.0|0.0
468327|1|Ropa|Niñas|Niñas|1|1195339|4486686|2018-01-01T20:32:34.267000||false|85.0|0.0
468638|1|Ropa|Niñas|Niñas|1|1195339|4486686|2018-01-01T20:32:34.267000||false|120.0|0.0
310514|1|Muebles|Muebles de Hogar y Recamara|Muebles de Cocina|1|1195321|4486732|2018-01-01T19:50:38.133000|30014|false|2154.31|0.0
450577|1|Ropa|Niñas|Niñas|1|1195339|4486686|2018-01-01T20:32:34.267000||false|137.0|0.0
255633|1|Ropa|Niños|Niños|1|1195329|4486872|2018-01-01T20:11:22.153000||false|344.0|0.0
344321|1|Muebles|Muebles de Hogar y Recamara|Comedor|2|1195269|4485704|2018-01-01T18:29:34.020000||false|1033.62|0.0
245368|1|Muebles|"Cómputo| Tablets y Videojuegos"|Cómputo|1|1195188|4485722|2018-01-01T16:25:02.487000|30008|false|1464.66|0.0
203675|1|Muebles|"Cómputo| Tablets y Videojuegos"|VideoJuegos|1|1195055|4407935|2018-01-01T12:05:30.243000|30006|false|318.1|0.0
254049|1|Muebles|"Cómputo| Tablets y Videojuegos"|VideoJuegos|1|1193482|4470003|2017-12-29T16:51:53.683000|30006|false|1464.66|0.0
254327|1|Ropa|Niños|Niños|1|1195289|4486546|2018-01-01T19:02:45.967000||false|163.0|0.0
254333|1|Ropa|Niños|Niños|1|1195289|4486546|2018-01-01T19:02:45.967000||false|163.0|0.0
121005|1|Ropa|Caballeros Accesorios|Caballeros Accesorios|1|1193753|4452116|2017-12-29T22:29:43.480000||false|111.0|0.0
122127|1|Ropa|Caballeros Accesorios|Caballeros Accesorios|1|1194958|4483440|2017-12-31T22:45:29.817000||false|154.0|0.0
134602|1|Ropa|Caballeros Accesorios|Caballeros Accesorios|1|1193753|4452116|2017-12-29T22:29:43.480000||false|103.0|0.0
143122|1|Ropa|Caballeros Accesorios|Caballeros Accesorios|1|1193753|4452116|2017-12-29T22:29:43.480000||false|111.0|0.0
143337|1|Ropa|Caballeros Accesorios|Caballeros Accesorios|1|1194969|4483546|2017-12-31T23:55:23.323000||false|137.0|0.0
145857|1|Ropa|Caballeros Accesorios|Caballeros Accesorios|1|1193753|4452116|2017-12-29T22:29:43.480000||false|85.0|0.0
158612|1|Ropa|Caballeros Accesorios|Caballeros Accesorios|1|1194969|4483546|2017-12-31T23:55:23.323000||false|137.0|0.0
448711|1|Ropa|Niñas|Niñas|1|1195024|4484241|2018-01-01T10:53:59.533000||false|137.0|0.0
306458|1|Ropa|Dama Joven|Dama Joven|1|1195087|4484809|2018-01-01T13:34:31.243000||false|154.0|0.0
306540|1|Ropa|Dama Joven|Dama Joven|1|1195087|4484809|2018-01-01T13:34:31.243000||false|73.0|0.0
306654|1|Ropa|Dama Joven|Dama Joven|1|1195087|4484809|2018-01-01T13:34:31.243000||false|73.0|0.0
306654|1|Ropa|Dama Joven|Dama Joven|1|1195087|4484809|2018-01-01T13:34:31.243000||false|73.0|0.0
312875|1|Ropa|Dama Joven|Dama Joven|1|1195087|4484809|2018-01-01T13:34:31.243000||false|85.0|0.0
314410|1|Ropa|Dama Joven|Dama Joven|1|1195087|4484809|2018-01-01T13:34:31.243000||false|111.0|0.0
314410|1|Ropa|Dama Joven|Dama Joven|1|1195087|4484809|2018-01-01T13:34:31.243000||false|111.0|0.0
384632|1|Ropa|Dama Joven|Dama Joven|1|1195087|4484809|2018-01-01T13:34:31.243000||false|146.0|0.0
384632|1|Ropa|Dama Joven|Dama Joven|1|1195087|4484809|2018-01-01T13:34:31.243000||false|146.0|0.0
314493|1|Ropa|Dama Joven|Dama Joven|1|1195030|4484289|2018-01-01T11:11:42.167000||false|111.0|0.0
825961|1|Ropa|Zapato Caballero|Zapato Caballero|1|1194967|4483544|2017-12-31T23:49:18.717000||false|551.0|0.0
863350|1|Ropa|Zapato Caballero|Zapato Caballero|1|1195383|4487409|2018-01-01T21:35:41.853000||false|947.0|0.0
899616|1|Ropa|Zapato Caballero|Zapato Caballero|1|1195298|4486594|2018-01-01T19:14:03.073000||false|594.0|0.0
805865|1|Ropa|Zapato Dama|Zapato Dama|1|1195131|4485233|2018-01-01T14:53:12.740000||false|361.0|0.0
806297|1|Ropa|Zapato Dama|Zapato Dama|1|1194963|4483475|2017-12-31T23:17:40.167000||false|542.0|0.0
808279|1|Ropa|Zapato Dama|Zapato Dama|1|1195066|4484670|2018-01-01T13:04:19.183000||false|387.0|0.0
808369|1|Ropa|Zapato Dama|Zapato Dama|1|1195368|4487221|2018-01-01T21:10:07.220000||false|689.0|0.0
848100|1|Ropa|Zapato Dama|Zapato Dama|1|1194963|4483475|2017-12-31T23:17:40.167000||false|542.0|0.0
848100|1|Ropa|Zapato Dama|Zapato Dama|1|1195397|4487515|2018-01-01T21:51:01.060000||false|542.0|0.0
866577|1|Ropa|Zapato Dama|Zapato Dama|1|1193517|4470573|2017-12-29T17:27:05.783000||false|396.0|0.0
302360|1|Ropa|Lencería|Lencería|1|1195275|4484949|2018-01-01T18:33:59.620000||false|128.0|0.0
306281|1|Ropa|Lencería|Lencería|1|1195275|4484949|2018-01-01T18:33:59.620000||false|146.0|0.0
309517|1|Ropa|Lencería|Lencería|1|1195275|4484949|2018-01-01T18:33:59.620000||false|103.0|0.0
310498|1|Ropa|Lencería|Lencería|1|1195390|4486982|2018-01-01T21:39:49.697000||false|85.0|0.0
310773|1|Ropa|Lencería|Lencería|1|1195394|4486766|2018-01-01T21:44:40.980000||false|128.0|0.0
310830|1|Ropa|Lencería|Lencería|1|1195394|4486766|2018-01-01T21:44:40.980000||false|120.0|0.0
316504|1|Ropa|Lencería|Lencería|1|1195275|4484949|2018-01-01T18:33:59.620000||false|111.0|0.0
319242|1|Ropa|Lencería|Lencería|1|1195275|4484949|2018-01-01T18:33:59.620000||false|103.0|0.0
322182|1|Ropa|Lencería|Lencería|1|1195237|4484808|2018-01-01T17:43:43.393000||false|85.0|0.0
348197|1|Ropa|Lencería|Lencería|1|1195220|4485596|2018-01-01T17:12:21.007000||false|77.0|0.0
356077|1|Ropa|Lencería|Lencería|1|1195275|4484949|2018-01-01T18:33:59.620000||false|103.0|0.0
376587|1|Ropa|Lencería|Lencería|1|1195275|4484949|2018-01-01T18:33:59.620000||false|103.0|0.0
379447|1|Ropa|Lencería|Lencería|1|1194992|4483876|2018-01-01T04:21:36.737000||false|146.0|0.0
379452|1|Ropa|Lencería|Lencería|1|1194992|4483876|2018-01-01T04:21:36.737000||false|146.0|0.0
386732|1|Ropa|Lencería|Lencería|1|1195237|4484808|2018-01-01T17:43:43.393000||false|68.0|0.0
123327|1|Ropa|Caballero Exterior|Caballero Exterior|1|1195306|4486497|2018-01-01T19:22:38.343000||false|146.0|0.0
150827|1|Ropa|Caballero Exterior|Caballero Exterior|1|1193753|4452116|2017-12-29T22:29:43.480000||false|215.0|0.0
153527|1|Ropa|Caballero Exterior|Caballero Exterior|1|1195136|4485266|2018-01-01T15:01:16.250000||false|197.0|0.0
157211|1|Ropa|Caballero Exterior|Caballero Exterior|1|1193753|4452116|2017-12-29T22:29:43.480000||false|215.0|0.0
157717|1|Ropa|Caballero Exterior|Caballero Exterior|1|1195306|4486497|2018-01-01T19:22:38.343000||false|197.0|0.0
157727|1|Ropa|Caballero Exterior|Caballero Exterior|1|1195306|4486497|2018-01-01T19:22:38.343000||false|197.0|0.0
157767|1|Ropa|Caballero Exterior|Caballero Exterior|1|1195237|4484808|2018-01-01T17:43:43.393000||false|197.0|0.0
164417|1|Ropa|Caballero Exterior|Caballero Exterior|1|1195237|4484808|2018-01-01T17:43:43.393000||false|215.0|0.0
300486|1|Ropa|Lencería|Lencería|1|1195236|3604469|2018-01-01T17:36:27.940000||false|154.0|0.0
302206|1|Ropa|Lencería|Lencería|1|1195236|3604469|2018-01-01T17:36:27.940000||false|146.0|0.0
304098|1|Ropa|Lencería|Lencería|1|1195236|3604469|2018-01-01T17:36:27.940000||false|128.0|0.0
304487|1|Ropa|Lencería|Lencería|1|1195236|3604469|2018-01-01T17:36:27.940000||false|154.0|0.0
304514|1|Ropa|Lencería|Lencería|1|1195275|4484949|2018-01-01T18:33:59.620000||false|111.0|0.0
304535|1|Ropa|Lencería|Lencería|1|1195275|4484949|2018-01-01T18:33:59.620000||false|137.0|0.0
304535|1|Ropa|Lencería|Lencería|1|1195236|3604469|2018-01-01T17:36:27.940000||false|137.0|0.0
305396|1|Ropa|Lencería|Lencería|1|1195236|3604469|2018-01-01T17:36:27.940000||false|137.0|0.0
306313|1|Ropa|Lencería|Lencería|1|1195236|3604469|2018-01-01T17:36:27.940000||false|163.0|0.0
310619|1|Ropa|Lencería|Lencería|1|1195236|3604469|2018-01-01T17:36:27.940000||false|197.0|0.0
310619|1|Ropa|Lencería|Lencería|1|1195275|4484949|2018-01-01T18:33:59.620000||false|197.0|0.0
316474|1|Ropa|Lencería|Lencería|1|1195394|4486766|2018-01-01T21:44:40.980000||false|172.0|0.0
341862|1|Ropa|Lencería|Lencería|1|1195275|4484949|2018-01-01T18:33:59.620000||false|120.0|0.0
300013|1|Ropa|Lencería|Lencería|1|1195196|4485714|2018-01-01T16:33:39.240000||false|111.0|0.0
303136|1|Ropa|Lencería|Lencería|1|1195220|4485596|2018-01-01T17:12:21.007000||false|120.0|0.0
305776|1|Ropa|Lencería|Lencería|1|1195201|4485551|2018-01-01T16:41:42.697000||false|223.0|0.0
503856|1|Ropa|Bebés|Bebés|1|1195299|4486613|2018-01-01T19:14:46.330000||false|275.0|0.0
302340|1|Ropa|Dama Señora|Dama Señora|1|1195290|4485991|2018-01-01T19:03:36.730000||false|189.0|0.0
305191|1|Ropa|Dama Señora|Dama Señora|1|1195290|4485991|2018-01-01T19:03:36.730000||false|172.0|0.0
348382|1|Ropa|Dama Señora|Dama Señora|1|1195290|4485991|2018-01-01T19:03:36.730000||false|137.0|0.0
701204|1|Ropa|Cuidado Personal|Cuidado Personal|1|1195173|4485515|2018-01-01T15:59:02.980000||false|1465.0|0.0
722938|1|Ropa|Cuidado Personal|Cuidado Personal|1|1195318|4486298|2018-01-01T19:49:56.207000||false|1551.0|0.0
759594|1|Ropa|Cuidado Personal|Cuidado Personal|1|1195206|4485874|2018-01-01T16:55:11.580000||false|232.0|0.0
763122|1|Ropa|Cuidado Personal|Cuidado Personal|1|1194972|4483606|2018-01-01T00:11:51.247000||false|25.0|0.0
763122|1|Ropa|Cuidado Personal|Cuidado Personal|1|1194972|4483606|2018-01-01T00:11:51.247000||false|25.0|0.0
782166|1|Ropa|Cuidado Personal|Cuidado Personal|1|1195191|4485705|2018-01-01T16:26:34.310000||false|172.0|0.0
314381|1|Ropa|Lencería|Lencería|1|1195394|4486766|2018-01-01T21:44:40.980000||false|111.0|0.0
316628|1|Ropa|Deportivo|Deportivo|1|1195394|4486766|2018-01-01T21:44:40.980000||false|137.0|0.0
318050|1|Ropa|Lencería|Lencería|1|1195275|4484949|2018-01-01T18:33:59.620000||false|85.0|0.0
318050|1|Ropa|Lencería|Lencería|1|1195275|4484949|2018-01-01T18:33:59.620000||false|85.0|0.0
378407|1|Ropa|Lencería|Lencería|1|1195390|4486982|2018-01-01T21:39:49.697000||false|59.0|0.0
305416|1|Ropa|Dama Joven|Dama Joven|1|1194981|4483561|2018-01-01T01:40:22.503000||false|163.0|0.0
307498|1|Ropa|Dama Joven|Dama Joven|1|1194981|4483561|2018-01-01T01:40:22.503000||false|172.0|0.0
344902|1|Ropa|Dama Joven|Dama Joven|1|1195220|4485596|2018-01-01T17:12:21.007000||false|206.0|0.0
700344|1|Ropa|Juguetes|Juguetes|1|1195025|4484237|2018-01-01T10:54:01.627000||false|301.0|0.0
700742|1|Ropa|Juguetes|Juguetes|1|1195089|4484175|2018-01-01T13:36:32.820000||false|620.0|0.0
703743|1|Ropa|Juguetes|Juguetes|1|1195029|4484276|2018-01-01T11:09:03.110000||false|206.0|0.0
703752|1|Ropa|Juguetes|Juguetes|1|1195041|4484364|2018-01-01T11:32:19.090000||false|197.0|0.0
733899|1|Ropa|Juguetes|Juguetes|1|1195264|4486372|2018-01-01T18:23:47.167000||false|103.0|0.0
749349|1|Ropa|Juguetes|Juguetes|1|1195082|4484621|2018-01-01T13:27:35.197000||false|85.0|0.0
702795|1|Ropa|Juguetes|Juguetes|1|1193596|4471312|2017-12-29T18:58:08.673000||false|77.0|0.0
705107|1|Ropa|Juguetes|Juguetes|1|1195052|4484438|2018-01-01T11:53:46.150000||false|344.0|0.0
705112|1|Ropa|Juguetes|Juguetes|1|1195329|4486872|2018-01-01T20:11:22.153000||false|413.0|0.0
739516|1|Ropa|Juguetes|Juguetes|1|1195254|4486309|2018-01-01T18:13:57.497000||false|146.0|0.0
739516|1|Ropa|Juguetes|Juguetes|1|1195254|4486309|2018-01-01T18:13:57.497000||false|146.0|0.0
747477|1|Ropa|Juguetes|Juguetes|1|1195031|4484306|2018-01-01T11:11:54.477000||false|94.0|0.0
757200|1|Ropa|Juguetes|Juguetes|1|1195138|4485306|2018-01-01T15:02:21.947000||false|241.0|0.0
300049|1|Ropa|Lencería|Lencería|1|1195005|4484020|2018-01-01T09:57:50.367000||false|128.0|0.0
300657|1|Ropa|Lencería|Lencería|1|1195005|4484020|2018-01-01T09:57:50.367000||false|103.0|0.0
303061|1|Ropa|Lencería|Lencería|1|1194992|4483876|2018-01-01T04:21:36.737000||false|94.0|0.0
303118|1|Ropa|Lencería|Lencería|1|1195275|4484949|2018-01-01T18:33:59.620000||false|111.0|0.0
303120|1|Ropa|Lencería|Lencería|1|1195005|4484020|2018-01-01T09:57:50.367000||false|111.0|0.0
303510|1|Ropa|Lencería|Lencería|1|1195275|4484949|2018-01-01T18:33:59.620000||false|85.0|0.0
303510|1|Ropa|Lencería|Lencería|1|1194992|4483876|2018-01-01T04:21:36.737000||false|85.0|0.0
305751|1|Ropa|Lencería|Lencería|1|1195005|4484020|2018-01-01T09:57:50.367000||false|111.0|0.0
306291|1|Ropa|Lencería|Lencería|1|1195005|4484020|2018-01-01T09:57:50.367000||false|59.0|0.0
306336|1|Ropa|Lencería|Lencería|1|1195005|4484020|2018-01-01T09:57:50.367000||false|51.0|0.0
306851|1|Ropa|Lencería|Lencería|1|1195275|4484949|2018-01-01T18:33:59.620000||false|120.0|0.0
308558|1|Ropa|Lencería|Lencería|1|1195220|4485596|2018-01-01T17:12:21.007000||false|77.0|0.0
308558|1|Ropa|Lencería|Lencería|1|1195237|4484808|2018-01-01T17:43:43.393000||false|77.0|0.0
311119|1|Ropa|Lencería|Lencería|1|1195220|4485596|2018-01-01T17:12:21.007000||false|85.0|0.0
313415|1|Ropa|Lencería|Lencería|1|1195237|4484808|2018-01-01T17:43:43.393000||false|77.0|0.0
313604|1|Ropa|Lencería|Lencería|1|1195005|4484020|2018-01-01T09:57:50.367000||false|103.0|0.0
313611|1|Ropa|Lencería|Lencería|1|1195005|4484020|2018-01-01T09:57:50.367000||false|85.0|0.0
313624|1|Ropa|Lencería|Lencería|1|1195183|4485598|2018-01-01T16:15:43.067000||false|85.0|0.0
313626|1|Ropa|Lencería|Lencería|1|1195005|4484020|2018-01-01T09:57:50.367000||false|111.0|0.0
314336|1|Ropa|Lencería|Lencería|1|1195005|4484020|2018-01-01T09:57:50.367000||false|94.0|0.0
315061|1|Ropa|Lencería|Lencería|1|1195275|4484949|2018-01-01T18:33:59.620000||false|111.0|0.0
315274|1|Ropa|Lencería|Lencería|1|1195005|4484020|2018-01-01T09:57:50.367000||false|59.0|0.0
317924|1|Ropa|Lencería|Lencería|1|1195275|4484949|2018-01-01T18:33:59.620000||false|120.0|0.0
317925|1|Ropa|Lencería|Lencería|1|1195275|4484949|2018-01-01T18:33:59.620000||false|120.0|0.0
325747|1|Ropa|Lencería|Lencería|1|1195275|4484949|2018-01-01T18:33:59.620000||false|111.0|0.0
349042|1|Ropa|Lencería|Lencería|1|1195183|4485598|2018-01-01T16:15:43.067000||false|103.0|0.0
371192|1|Ropa|Lencería|Lencería|1|1195005|4484020|2018-01-01T09:57:50.367000||false|103.0|0.0
130277|1|Ropa|Caballero Exterior|Caballero Exterior|1|1195113|4475924|2018-01-01T14:11:44.603000||false|387.0|0.0
140572|1|Ropa|Caballero Exterior|Caballero Exterior|1|1195400|4487365|2018-01-01T21:55:47.063000||false|344.0|0.0
140587|1|Ropa|Caballero Exterior|Caballero Exterior|1|1195400|4487365|2018-01-01T21:55:47.063000||false|344.0|0.0
141399|1|Ropa|Caballero Exterior|Caballero Exterior|1|1195040|4484359|2018-01-01T11:31:48.483000||false|172.0|0.0
142562|1|Ropa|Caballero Exterior|Caballero Exterior|1|1195158|4485447|2018-01-01T15:39:26.490000||false|258.0|0.0
144217|1|Ropa|Caballero Exterior|Caballero Exterior|1|1195186|4485708|2018-01-01T16:19:45.970000||false|689.0|0.0
144227|1|Ropa|Caballero Exterior|Caballero Exterior|1|1195186|4485708|2018-01-01T16:19:45.970000||false|775.0|0.0
148612|1|Ropa|Caballero Exterior|Caballero Exterior|1|1195116|4485000|2018-01-01T14:20:00.623000||false|275.0|0.0
149987|1|Ropa|Caballero Exterior|Caballero Exterior|1|1195158|4485447|2018-01-01T15:39:26.490000||false|275.0|0.0
151567|1|Ropa|Caballero Exterior|Caballero Exterior|1|1195237|4484808|2018-01-01T17:43:43.393000||false|387.0|0.0
157037|1|Ropa|Caballero Exterior|Caballero Exterior|1|1195272|4486379|2018-01-01T18:30:40.293000||false|689.0|0.0
157861|1|Ropa|Caballero Exterior|Caballero Exterior|1|1195307|4486640|2018-01-01T19:23:09.293000||false|197.0|0.0
172077|1|Ropa|Caballero Exterior|Caballero Exterior|1|1195400|4487365|2018-01-01T21:55:47.063000||false|344.0|0.0
263688|1|Ropa|Niños|Niños|1|1195116|4485000|2018-01-01T14:20:00.623000||false|215.0|0.0
119722|1|Ropa|Caballero Exterior|Caballero Exterior|1|1195320|4486795|2018-01-01T19:50:34.550000||false|128.0|0.0
124400|1|Ropa|Caballero Exterior|Caballero Exterior|1|1195375|4487169|2018-01-01T21:17:33.540000||false|111.0|0.0
144011|1|Ropa|Caballero Exterior|Caballero Exterior|1|1195011|4484126|2018-01-01T10:17:51.740000||false|137.0|0.0
153417|1|Ropa|Caballero Exterior|Caballero Exterior|1|1195375|4487169|2018-01-01T21:17:33.540000||false|103.0|0.0
153467|1|Ropa|Caballero Exterior|Caballero Exterior|1|1195375|4487169|2018-01-01T21:17:33.540000||false|111.0|0.0
163949|1|Ropa|Deportivo|Deportivo|1|1195323|4486796|2018-01-01T19:56:09.817000||false|689.0|0.0
163949|1|Ropa|Deportivo|Deportivo|1|1195296|4486540|2018-01-01T19:13:10.237000||false|689.0|0.0
171787|1|Ropa|Caballero Exterior|Caballero Exterior|1|1195020|4484028|2018-01-01T10:39:16.887000||false|85.0|0.0
312624|1|Ropa|Dama Señora|Dama Señora|1|1195087|4484809|2018-01-01T13:34:31.243000||false|59.0|0.0
312624|1|Ropa|Dama Señora|Dama Señora|1|1195087|4484809|2018-01-01T13:34:31.243000||false|59.0|0.0
313303|1|Ropa|Dama Joven|Dama Joven|1|1195087|4484809|2018-01-01T13:34:31.243000||false|111.0|0.0
313303|1|Ropa|Dama Joven|Dama Joven|1|1195087|4484809|2018-01-01T13:34:31.243000||false|111.0|0.0
437855|1|Ropa|Niñas|Niñas|1|1195339|4486686|2018-01-01T20:32:34.267000||false|85.0|0.0
455155|1|Ropa|Niñas|Niñas|1|1195339|4486686|2018-01-01T20:32:34.267000||false|77.0|0.0
495538|1|Ropa|Niñas|Niñas|1|1195339|4486686|2018-01-01T20:32:34.267000||false|59.0|0.0
806949|1|Ropa|Zapato Dama|Zapato Dama|1|1195084|4484583|2018-01-01T13:27:51.003000||false|163.0|0.0
807130|1|Ropa|Zapato Dama|Zapato Dama|1|1195137|4479587|2018-01-01T15:01:44.920000||false|473.0|0.0
807259|1|Ropa|Zapato Dama|Zapato Dama|1|1195084|4484583|2018-01-01T13:27:51.003000||false|146.0|0.0
808570|1|Ropa|Deportivo|Deportivo|1|1195282|4485985|2018-01-01T18:47:18.797000||false|223.0|0.0
808570|1|Ropa|Deportivo|Deportivo|1|1195240|4486151|2018-01-01T17:48:40.337000||false|223.0|0.0
809070|1|Ropa|Deportivo|Deportivo|1|1194976|4483657|2018-01-01T00:42:39.667000||false|516.0|0.0
809361|1|Ropa|Deportivo|Deportivo|1|1195073|4484673|2018-01-01T13:11:35.673000||false|387.0|0.0
809362|1|Ropa|Deportivo|Deportivo|1|1194976|4483657|2018-01-01T00:42:39.667000||false|387.0|0.0
806747|1|Ropa|Deportivo|Deportivo|1|1195054|4484468|2018-01-01T12:04:39.047000||false|335.0|0.0
808099|1|Ropa|Deportivo|Deportivo|1|1195111|4484566|2018-01-01T14:07:38.960000||false|732.0|0.0
454572|1|Ropa|Niñas|Niñas|1|1195339|4486686|2018-01-01T20:32:34.267000||false|59.0|0.0
374100|1|Ropa|Dama Joven|Dama Joven|1|1195087|4484809|2018-01-01T13:34:31.243000||false|189.0|0.0
374100|1|Ropa|Dama Joven|Dama Joven|1|1195087|4484809|2018-01-01T13:34:31.243000||false|189.0|0.0
805060|1|Ropa|Zapato Caballero|Zapato Caballero|1|1195338|4487054|2018-01-01T20:32:04.260000||false|344.0|0.0
805125|1|Ropa|Zapato Caballero|Zapato Caballero|1|1195158|4485447|2018-01-01T15:39:26.490000||false|370.0|0.0
806101|1|Ropa|Zapato Caballero|Zapato Caballero|1|1195176|4477359|2018-01-01T16:07:53.447000||false|775.0|0.0
807160|1|Ropa|Zapato Caballero|Zapato Caballero|1|1195113|4475924|2018-01-01T14:11:44.603000||false|559.0|0.0
807284|1|Ropa|Zapato Caballero|Zapato Caballero|1|1195057|4483891|2018-01-01T12:08:41.750000||false|456.0|0.0
808915|1|Ropa|Zapato Caballero|Zapato Caballero|1|1195286|4486260|2018-01-01T18:54:40.287000||false|344.0|0.0
809220|1|Ropa|Zapato Caballero|Zapato Caballero|1|1194990|4483853|2018-01-01T03:48:55.810000||false|344.0|0.0
809470|1|Ropa|Zapato Caballero|Zapato Caballero|1|1195113|4475924|2018-01-01T14:11:44.603000||false|775.0|0.0
806814|1|Ropa|Zapato Dama|Zapato Dama|1|1195236|3604469|2018-01-01T17:36:27.940000||false|172.0|0.0
806987|1|Ropa|Zapato Dama|Zapato Dama|1|1195000|4483957|2018-01-01T08:57:05.340000||false|172.0|0.0
808822|1|Ropa|Zapato Dama|Zapato Dama|1|1195051|4484474|2018-01-01T11:52:14.923000||false|275.0|0.0
856361|1|Ropa|Zapato Dama|Zapato Dama|1|1194999|4410849|2018-01-01T08:55:32.897000||false|516.0|0.0
877777|1|Ropa|Zapato Dama|Zapato Dama|1|1195161|4485171|2018-01-01T15:43:18.237000||false|516.0|0.0
850411|1|Ropa|Zapato Infantil|Zapato Infantil|1|1195381|4487384|2018-01-01T21:31:05.210000||false|292.0|0.0
700313|1|Ropa|Juguetes|Juguetes|1|1194952|4483339|2017-12-31T22:25:01.147000||false|620.0|0.0
702351|1|Ropa|Juguetes|Juguetes|1|1195270|4486385|2018-01-01T18:30:04.503000||false|1378.0|0.0
702359|1|Ropa|Juguetes|Juguetes|1|1195108|4484990|2018-01-01T14:03:41.440000||false|361.0|0.0
702477|1|Ropa|Juguetes|Juguetes|1|1195294|4486584|2018-01-01T19:09:32.397000||false|94.0|0.0
702478|1|Ropa|Juguetes|Juguetes|1|1195082|4484621|2018-01-01T13:27:35.197000||false|189.0|0.0
702673|1|Ropa|Juguetes|Juguetes|1|1195249|4486169|2018-01-01T18:02:56.010000||false|284.0|0.0
702710|1|Ropa|Juguetes|Juguetes|1|1195089|4484175|2018-01-01T13:36:32.820000||false|370.0|0.0
702774|1|Ropa|Juguetes|Juguetes|1|1193720|4472394|2017-12-29T21:49:25.870000||false|223.0|0.0
703055|1|Ropa|Juguetes|Juguetes|1|1195249|4486169|2018-01-01T18:02:56.010000||false|172.0|0.0
703065|1|Ropa|Juguetes|Juguetes|1|1195341|4486992|2018-01-01T20:38:26.643000||false|128.0|0.0
703368|1|Ropa|Juguetes|Juguetes|1|1195018|4484156|2018-01-01T10:38:02.487000||false|309.0|0.0
738122|1|Ropa|Juguetes|Juguetes|1|1195238|4486103|2018-01-01T17:44:37.050000||false|174.0|58.0
738122|1|Ropa|Juguetes|Juguetes|1|1195082|4484621|2018-01-01T13:27:35.197000||false|232.0|0.0
738761|1|Ropa|Juguetes|Juguetes|1|1195277|4486425|2018-01-01T18:35:58.897000||false|447.0|0.0
739350|1|Ropa|Juguetes|Juguetes|1|1195082|4484621|2018-01-01T13:27:35.197000||false|241.0|0.0
755422|1|Ropa|Juguetes|Juguetes|1|1194993|4483902|2018-01-01T05:20:26.870000||false|68.0|0.0
761272|1|Ropa|Juguetes|Juguetes|1|1195095|4484829|2018-01-01T13:49:15.460000||false|206.0|0.0
781638|1|Ropa|Juguetes|Juguetes|1|1195125|4485181|2018-01-01T14:44:12.413000||false|258.0|0.0
700330|1|Ropa|Juguetes|Juguetes|1|1193661|4471723|2017-12-29T20:36:34.823000||false|491.0|0.0
701130|1|Ropa|Juguetes|Juguetes|1|1193661|4471723|2017-12-29T20:36:34.823000||false|154.0|0.0
701130|1|Ropa|Juguetes|Juguetes|1|1193661|4471723|2017-12-29T20:36:34.823000||false|154.0|0.0
702443|1|Ropa|Juguetes|Juguetes|1|1195329|4486872|2018-01-01T20:11:22.153000||false|172.0|0.0
702495|1|Ropa|Juguetes|Juguetes|1|1195198|4485800|2018-01-01T16:39:39.573000||false|68.0|0.0
702783|1|Ropa|Juguetes|Juguetes|1|1195224|4457064|2018-01-01T17:24:04.977000||false|154.0|0.0
702904|1|Ropa|Juguetes|Juguetes|1|1195401|4487437|2018-01-01T21:55:50.053000||false|370.0|0.0
703139|1|Ropa|Juguetes|Juguetes|1|1195294|4486584|2018-01-01T19:09:32.397000||false|85.0|0.0
703225|1|Ropa|Juguetes|Juguetes|1|1194993|4483902|2018-01-01T05:20:26.870000||false|77.0|0.0
703280|1|Ropa|Juguetes|Juguetes|1|1195074|4484674|2018-01-01T13:13:02.887000||false|111.0|0.0
703303|1|Ropa|Juguetes|Juguetes|1|1195026|4446452|2018-01-01T10:55:23.483000||false|146.0|0.0
703356|1|Ropa|Juguetes|Juguetes|1|1195062|4484656|2018-01-01T12:47:17.357000||false|344.0|0.0
704876|1|Ropa|Juguetes|Juguetes|1|1195200|4485822|2018-01-01T16:41:36.470000||false|689.0|0.0
705136|1|Ropa|Juguetes|Juguetes|1|1195072|4484760|2018-01-01T13:11:10.980000||false|309.0|0.0
726199|1|Ropa|Juguetes|Juguetes|1|1193710|4463235|2017-12-29T21:39:15.980000||false|85.0|0.0
737372|1|Ropa|Juguetes|Juguetes|1|1195053|4484454|2018-01-01T11:53:50.550000||false|172.0|0.0
737394|1|Ropa|Juguetes|Juguetes|1|1195089|4484175|2018-01-01T13:36:32.820000||false|163.0|0.0
760322|1|Ropa|Juguetes|Juguetes|1|1195089|4484175|2018-01-01T13:36:32.820000||false|154.0|0.0
761238|1|Ropa|Juguetes|Juguetes|1|1193661|4471723|2017-12-29T20:36:34.823000||false|508.0|0.0
770199|1|Ropa|Juguetes|Juguetes|1|1195294|4486584|2018-01-01T19:09:32.397000||false|163.0|0.0
770216|1|Ropa|Juguetes|Juguetes|1|1195058|4484511|2018-01-01T12:15:23.733000||false|180.0|0.0
770216|1|Ropa|Juguetes|Juguetes|1|1195091|4484844|2018-01-01T13:40:01.243000||false|180.0|0.0
775338|1|Ropa|Juguetes|Juguetes|1|1195095|4484829|2018-01-01T13:49:15.460000||false|327.0|0.0
793233|1|Ropa|Juguetes|Juguetes|1|1195329|4486872|2018-01-01T20:11:22.153000||false|249.0|0.0
807836|1|Ropa|Zapato Infantil|Zapato Infantil|1|1195371|4487210|2018-01-01T21:11:26.700000||false|430.0|0.0
807828|1|Ropa|Zapato Infantil|Zapato Infantil|1|1195091|4484844|2018-01-01T13:40:01.243000||false|516.0|0.0
873827|1|Ropa|Zapato Infantil|Zapato Infantil|1|1193438|4469934|2017-12-29T15:51:59.280000||false|275.0|0.0
808163|1|Ropa|Zapato Infantil|Zapato Infantil|1|1195330|4486878|2018-01-01T20:12:17.913000||false|215.0|0.0
808512|1|Ropa|Zapato Infantil|Zapato Infantil|1|1195330|4486878|2018-01-01T20:12:17.913000||false|241.0|0.0
107816|1|Muebles|Enseres Domésticos|Electrodomésticos|1|1195047|4484355|2018-01-01T11:44:28.413000|30016|false|1102.59|0.0
119458|1|Muebles|Enseres Domésticos|Electrodomésticos|3|1195081|4484853|2018-01-01T13:27:22.203000|30001|true|439.65000000000009|437.07